[
{
  "model": "auth.user",
  "fields": {
    "password": "pbkdf2_sha256$1000000$pwJdbBSqpEmWAnScH2oTYV$46wSoyf9T/9OecQd0OYJAixt2h+mPKDjhHMW3CJc+4I=",
    "last_login": null,
    "is_superuser": false,
    "username": "register",
    "first_name": "",
    "last_name": "",
    "email": "register123@gmail.com",
    "is_staff": false,
    "is_active": true,
    "date_joined": "2025-08-07T17:04:33.455Z",
    "groups": [],
    "user_permissions": []
  }
},
{
  "model": "auth.user",
  "fields": {
    "password": "pbkdf2_sha256$1000000$cNDjl8EoZncYt26hfBsAbc$N6/tRFIibKgGbHBTNSPxZxqa/n37oKY7+0KwQflyYSk=",
    "last_login": "2025-08-10T19:37:53.856Z",
    "is_superuser": true,
    "username": "nouman",
    "first_name": "",
    "last_name": "",
    "email": "noumannorm648@gmail.com",
    "is_staff": true,
    "is_active": true,
    "date_joined": "2025-08-07T20:17:29.728Z",
    "groups": [],
    "user_permissions": []
  }
},
{
  "model": "auth.user",
  "fields": {
    "password": "pbkdf2_sha256$1000000$s4JxEpVQ1ofP38htknLcUi$CvbnPYO4wGvZQE/bTT7JMOxu1PJtwl8HEHphwtAMyyI=",
    "last_login": null,
    "is_superuser": false,
    "username": "ali",
    "first_name": "",
    "last_name": "",
    "email": "ali123@gmail.com",
    "is_staff": false,
    "is_active": true,
    "date_joined": "2025-08-07T21:48:35.423Z",
    "groups": [],
    "user_permissions": []
  }
},
{
  "model": "auth.user",
  "fields": {
    "password": "pbkdf2_sha256$1000000$cPKkq8fVsVujytPS2d9SI4$jJ3cS5y/Gwk/hwO8UyDu8r8LkuPl93LN5kc2edE4ZTc=",
    "last_login": null,
    "is_superuser": false,
    "username": "usman",
    "first_name": "",
    "last_name": "",
    "email": "usman123@gmail.com",
    "is_staff": false,
    "is_active": true,
    "date_joined": "2025-08-07T21:49:08.548Z",
    "groups": [],
    "user_permissions": []
  }
},
{
  "model": "auth.user",
  "fields": {
    "password": "pbkdf2_sha256$1000000$jUDfI8O3yJur4iyLgK4PgT$z676FseEX0JSkX3R+JjKNM3qXNNY5gUUvcttzbcyRnk=",
    "last_login": null,
    "is_superuser": false,
    "username": "adil",
    "first_name": "",
    "last_name": "",
    "email": "adil123@gmail.com",
    "is_staff": false,
    "is_active": true,
    "date_joined": "2025-08-07T21:51:50.084Z",
    "groups": [],
    "user_permissions": []
  }
},
{
  "model": "auth.user",
  "fields": {
    "password": "pbkdf2_sha256$1000000$XpNkMRrJEUlcelnY9cCuuN$nDSygVeXD1Brhn3PPEJ/oS0UqQKEF/vs6WDAciQHyXg=",
    "last_login": null,
    "is_superuser": false,
    "username": "adil5",
    "first_name": "",
    "last_name": "",
    "email": "adil123@gmail.com",
    "is_staff": false,
    "is_active": true,
    "date_joined": "2025-08-07T21:52:22.805Z",
    "groups": [],
    "user_permissions": []
  }
},
{
  "model": "auth.user",
  "fields": {
    "password": "pbkdf2_sha256$1000000$tB0Q4n7EPulwVcjGvTInmb$odYEXQpcxK7+w7PnDLzcWUWLi+XJiZyW8F4n7GfU3Mw=",
    "last_login": null,
    "is_superuser": false,
    "username": "adil7",
    "first_name": "",
    "last_name": "",
    "email": "adil746@gmail.com",
    "is_staff": false,
    "is_active": true,
    "date_joined": "2025-08-07T21:56:24.179Z",
    "groups": [],
    "user_permissions": []
  }
},
{
  "model": "auth.user",
  "fields": {
    "password": "pbkdf2_sha256$1000000$QetkZgmiHrPNoHK8up5nqU$L/o0jQPiAGXLqTt2GKl1qCkftdUUy47/gZMKIBNuWgs=",
    "last_login": null,
    "is_superuser": false,
    "username": "fitness",
    "first_name": "",
    "last_name": "",
    "email": "freak123@gmail.com",
    "is_staff": false,
    "is_active": true,
    "date_joined": "2025-08-07T22:50:02.379Z",
    "groups": [],
    "user_permissions": []
  }
},
{
  "model": "auth.user",
  "fields": {
    "password": "pbkdf2_sha256$1000000$utMbINufHQJjC5TID6HCCn$dPXU3U+Fi8rO9cPWVLTR/OyshEMotWDkFtxkflVrTpI=",
    "last_login": null,
    "is_superuser": false,
    "username": "freak",
    "first_name": "",
    "last_name": "",
    "email": "freak123@gmail.com",
    "is_staff": false,
    "is_active": true,
    "date_joined": "2025-08-07T22:51:55.989Z",
    "groups": [],
    "user_permissions": []
  }
},
{
  "model": "auth.user",
  "fields": {
    "password": "pbkdf2_sha256$1000000$HfGB6T0OLAmzVD8O8XH2IR$GHKr11XRgkFiAW2RfeISu//tUp3e8WvnWl66M6BPiSM=",
    "last_login": null,
    "is_superuser": false,
    "username": "GymFreak",
    "first_name": "",
    "last_name": "",
    "email": "GymFreak123@gmail.com",
    "is_staff": false,
    "is_active": true,
    "date_joined": "2025-08-10T22:36:24.489Z",
    "groups": [],
    "user_permissions": []
  }
},
{
  "model": "auth.user",
  "fields": {
    "password": "pbkdf2_sha256$1000000$2yWxyACXWskWgbN3WPumHU$XJlnQ8y3wpqpr5xZEz1/ToDSHf3wzMs8c7DzZl6nvFk=",
    "last_login": null,
    "is_superuser": false,
    "username": "jim",
    "first_name": "",
    "last_name": "",
    "email": "jim123@gmail.com",
    "is_staff": false,
    "is_active": true,
    "date_joined": "2025-08-10T22:38:43.239Z",
    "groups": [],
    "user_permissions": []
  }
},
{
  "model": "sessions.session",
  "pk": "dvbyrnlrluwk0yc5gt381wl7knop4u8x",
  "fields": {
    "session_data": ".eJxVjMsOwiAQRf-FtSEDUx7j0r3fQIChUjU0Ke3K-O_apAvd3nPOfYkQt7WGrZclTCzOQovT75ZifpS2A77Hdptlntu6TEnuijxol9eZy_NyuH8HNfb6rRVaq1MmJmTHkEwxqkTvLCApIEPKgNcMg7GjYUc4egAcCBCYkb14fwC1ZzZb:1ulBrd:xPsVZvdZatWiiRkZri6MOOXgMNFCqn470J20ZSeKP2Y",
    "expire_date": "2025-08-24T19:37:53.865Z"
  }
},
{
  "model": "api.tutorial",
  "pk": 1,
  "fields": {
    "title": "Squat Reach",
    "description": "The Squat to Reach is a dynamic warm-up exercise that combines a deep squat with an overhead reach.",
    "video": "tutorial_videos/Screen_Recording_2025-08-08_022257.mp4",
    "exercise_link": null
  }
},
{
  "model": "api.tutorial",
  "pk": 2,
  "fields": {
    "title": "T Plank Excercise",
    "description": "The T Plank is a dynamic core-strengthening exercise that combines the traditional plank with a rotational movement to form a \"T\" shape.",
    "video": "tutorial_videos/Screen_Recording_2025-08-08_022143.mp4",
    "exercise_link": null
  }
},
{
  "model": "api.tutorial",
  "pk": 3,
  "fields": {
    "title": "Stability Ball Wall Squat",
    "description": "This lower body exercise uses a large stability (Swiss) ball placed between your lower back and a wall. As you squat down, the ball rolls with your back.",
    "video": "tutorial_videos/Screen_Recording_2025-08-08_022344.mp4",
    "exercise_link": null
  }
},
{
  "model": "api.session",
  "pk": 1,
  "fields": {
    "title": "Squat",
    "description": "The Squat to Reach is a dynamic warm-up exercise that combines a deep squat with an overhead reach.",
    "video": "tutorial_videos/Screen_Recording_2025-08-08_022257_WFBYWFk.mp4",
    "exercise_link": null
  }
},
{
  "model": "api.session",
  "pk": 2,
  "fields": {
    "title": "Russian Twist",
    "description": "A core exercise performed sitting with legs lifted, twisting the torso side to side to engage the obliques and abdominal muscles.",
    "video": "tutorial_videos/Screen_Recording_2025-08-10_192526.mp4",
    "exercise_link": null
  }
},
{
  "model": "api.session",
  "pk": 3,
  "fields": {
    "title": "Leg Raises",
    "description": "A core exercise where you lie on your back and lift your legs upward, focusing on the lower abdominal muscles.",
    "video": "tutorial_videos/Screen_Recording_2025-08-10_192348.mp4",
    "exercise_link": null
  }
},
{
  "model": "api.session",
  "pk": 4,
  "fields": {
    "title": "Push up",
    "description": "A bodyweight exercise where you lower and raise your body using your arms while keeping your body straight, targeting the chest, shoulders, and triceps.",
    "video": "tutorial_videos/Screen_Recording_2025-08-10_191812.mp4",
    "exercise_link": null
  }
},
{
  "model": "api.session",
  "pk": 5,
  "fields": {
    "title": "Pull up",
    "description": "An upper-body exercise where you hang from a bar and pull your chin above it, primarily working the back, biceps, and shoulders.",
    "video": "tutorial_videos/Screen_Recording_2025-08-10_192056.mp4",
    "exercise_link": null
  }
},
{
  "model": "api.session",
  "pk": 6,
  "fields": {
    "title": "Deadlift",
    "description": "A compound weightlifting move where you lift a loaded barbell from the floor to hip level, targeting the lower back, glutes, hamstrings, and core",
    "video": "tutorial_videos/Screen_Recording_2025-08-10_192713.mp4",
    "exercise_link": null
  }
},
{
  "model": "api.session",
  "pk": 7,
  "fields": {
    "title": "Bench Press",
    "description": "A strength exercise where you lie on a bench and press a barbell upward, mainly working the chest, shoulders, and triceps.",
    "video": "tutorial_videos/Screen_Recording_2025-08-10_192844.mp4",
    "exercise_link": null
  }
},
{
  "model": "api.session",
  "pk": 8,
  "fields": {
    "title": "Tricep Pushdown",
    "description": "An isolation exercise using a cable machine to push a handle down with your arms, targeting the triceps.",
    "video": "tutorial_videos/Screen_Recording_2025-08-10_193042.mp4",
    "exercise_link": null
  }
},
{
  "model": "api.session",
  "pk": 9,
  "fields": {
    "title": "Lateral Raise",
    "description": "A shoulder exercise where you lift dumbbells or weights out to the sides, focusing on the lateral deltoid muscles",
    "video": "tutorial_videos/Screen_Recording_2025-08-10_193241.mp4",
    "exercise_link": null
  }
},
{
  "model": "api.history",
  "pk": 20,
  "fields": {
    "user": [
      "freak"
    ],
    "session": 6,
    "accuracy_score": 95.0,
    "weight": 50.0,
    "created_at": "2025-08-13T00:26:07.557Z"
  }
},
{
  "model": "api.history",
  "pk": 21,
  "fields": {
    "user": [
      "freak"
    ],
    "session": 5,
    "accuracy_score": 92.5,
    "weight": 0.0,
    "created_at": "2025-08-13T00:34:28.276Z"
  }
},
{
  "model": "api.history",
  "pk": 22,
  "fields": {
    "user": [
      "freak"
    ],
    "session": 1,
    "accuracy_score": 99.8,
    "weight": 50.0,
    "created_at": "2025-08-13T14:51:09.428Z"
  }
},
{
  "model": "api.history",
  "pk": 23,
  "fields": {
    "user": [
      "freak"
    ],
    "session": 8,
    "accuracy_score": 95.0,
    "weight": 50.0,
    "created_at": "2025-08-13T15:09:13.602Z"
  }
},
{
  "model": "api.history",
  "pk": 24,
  "fields": {
    "user": [
      "freak"
    ],
    "session": 2,
    "accuracy_score": 99.9,
    "weight": 50.0,
    "created_at": "2025-08-14T21:43:24.188Z"
  }
},
{
  "model": "api.usersessionresult",
  "pk": 73,
  "fields": {
    "user": [
      "freak"
    ],
    "session": 9,
    "accuracy_score": 90.67,
    "uploaded_video": "tutorial_videos/squat_7_vlcSeM1.mp4",
    "created_at": "2025-08-13T00:23:39.448Z",
    "calories": 0.0,
    "duration": 0.04
  }
},
{
  "model": "api.usersessionresult",
  "pk": 74,
  "fields": {
    "user": [
      "freak"
    ],
    "session": 9,
    "accuracy_score": 90.67,
    "uploaded_video": "tutorial_videos/squat_7_1CDJL1j.mp4",
    "created_at": "2025-08-13T00:24:25.930Z",
    "calories": 0.0,
    "duration": 0.04
  }
},
{
  "model": "api.usersessionresult",
  "pk": 75,
  "fields": {
    "user": [
      "freak"
    ],
    "session": 6,
    "accuracy_score": 94.95291919312395,
    "uploaded_video": "tutorial_videos/squat_7_Yqq5ZB8.mp4",
    "created_at": "2025-08-13T00:26:07.409Z",
    "calories": 0.0,
    "duration": 0.04
  }
},
{
  "model": "api.usersessionresult",
  "pk": 76,
  "fields": {
    "user": [
      "freak"
    ],
    "session": 5,
    "accuracy_score": 92.5,
    "uploaded_video": "tutorial_videos/squat_7_ofiuibq.mp4",
    "created_at": "2025-08-13T00:34:28.150Z",
    "calories": 0.0,
    "duration": 0.04
  }
},
{
  "model": "api.usersessionresult",
  "pk": 77,
  "fields": {
    "user": [
      "freak"
    ],
    "session": 5,
    "accuracy_score": 92.5,
    "uploaded_video": "tutorial_videos/squat_7_pC83MrX.mp4",
    "created_at": "2025-08-13T14:11:31.624Z",
    "calories": 0.0,
    "duration": 0.04
  }
},
{
  "model": "api.usersessionresult",
  "pk": 78,
  "fields": {
    "user": [
      "freak"
    ],
    "session": 1,
    "accuracy_score": 99.7,
    "uploaded_video": "tutorial_videos/squat_7_QMN29x1.mp4",
    "created_at": "2025-08-13T14:51:09.371Z",
    "calories": 0.18,
    "duration": 0.04
  }
},
{
  "model": "api.usersessionresult",
  "pk": 79,
  "fields": {
    "user": [
      "freak"
    ],
    "session": 1,
    "accuracy_score": 99.7,
    "uploaded_video": "tutorial_videos/squat_7_2p6mj5U.mp4",
    "created_at": "2025-08-13T15:01:13.119Z",
    "calories": 0.18,
    "duration": 0.04
  }
},
{
  "model": "api.usersessionresult",
  "pk": 80,
  "fields": {
    "user": [
      "freak"
    ],
    "session": 1,
    "accuracy_score": 99.7,
    "uploaded_video": "tutorial_videos/squat_7_GnnuZmg.mp4",
    "created_at": "2025-08-13T15:05:06.726Z",
    "calories": 0.18,
    "duration": 0.04
  }
},
{
  "model": "api.usersessionresult",
  "pk": 81,
  "fields": {
    "user": [
      "freak"
    ],
    "session": 1,
    "accuracy_score": 99.7,
    "uploaded_video": "tutorial_videos/squat_7_ccHPSYH.mp4",
    "created_at": "2025-08-13T15:08:13.469Z",
    "calories": 0.18,
    "duration": 0.04
  }
},
{
  "model": "api.usersessionresult",
  "pk": 82,
  "fields": {
    "user": [
      "freak"
    ],
    "session": 8,
    "accuracy_score": 95.0,
    "uploaded_video": "tutorial_videos/squat_7_JEcnNTP.mp4",
    "created_at": "2025-08-13T15:09:13.543Z",
    "calories": 0.12,
    "duration": 0.04
  }
},
{
  "model": "api.usersessionresult",
  "pk": 83,
  "fields": {
    "user": [
      "freak"
    ],
    "session": 8,
    "accuracy_score": 95.0,
    "uploaded_video": "tutorial_videos/squat_7_2x2Tq99.mp4",
    "created_at": "2025-08-13T15:11:08.298Z",
    "calories": 0.12,
    "duration": 0.04
  }
},
{
  "model": "api.usersessionresult",
  "pk": 84,
  "fields": {
    "user": [
      "freak"
    ],
    "session": 1,
    "accuracy_score": 99.7,
    "uploaded_video": "tutorial_videos/squat_7_YuJ3D4J.mp4",
    "created_at": "2025-08-13T15:15:44.199Z",
    "calories": 0.18,
    "duration": 0.04
  }
},
{
  "model": "api.usersessionresult",
  "pk": 85,
  "fields": {
    "user": [
      "freak"
    ],
    "session": 6,
    "accuracy_score": 95.0,
    "uploaded_video": "tutorial_videos/squat_7_1RLTYf9.mp4",
    "created_at": "2025-08-13T15:17:32.099Z",
    "calories": 0.21,
    "duration": 0.04
  }
},
{
  "model": "api.usersessionresult",
  "pk": 86,
  "fields": {
    "user": [
      "freak"
    ],
    "session": 6,
    "accuracy_score": 95.0,
    "uploaded_video": "tutorial_videos/squat_7_NzdYQPo.mp4",
    "created_at": "2025-08-13T15:20:21.138Z",
    "calories": 0.21,
    "duration": 0.04
  }
},
{
  "model": "api.usersessionresult",
  "pk": 87,
  "fields": {
    "user": [
      "freak"
    ],
    "session": 1,
    "accuracy_score": 99.7,
    "uploaded_video": "tutorial_videos/squat_7_xm4xO29.mp4",
    "created_at": "2025-08-14T21:20:26.917Z",
    "calories": 0.18,
    "duration": 0.04
  }
},
{
  "model": "api.usersessionresult",
  "pk": 88,
  "fields": {
    "user": [
      "freak"
    ],
    "session": 1,
    "accuracy_score": 99.8,
    "uploaded_video": "tutorial_videos/squat_8_WOgC5K6.mp4",
    "created_at": "2025-08-14T21:26:11.249Z",
    "calories": 0.31,
    "duration": 0.07
  }
},
{
  "model": "api.usersessionresult",
  "pk": 89,
  "fields": {
    "user": [
      "freak"
    ],
    "session": 2,
    "accuracy_score": 99.9,
    "uploaded_video": "tutorial_videos/russian_twist_12.mp4",
    "created_at": "2025-08-14T21:43:24.137Z",
    "calories": 0.35,
    "duration": 0.1
  }
},
{
  "model": "admin.logentry",
  "pk": 1,
  "fields": {
    "action_time": "2025-08-07T20:42:02.872Z",
    "user": [
      "nouman"
    ],
    "content_type": [
      "api",
      "tutorial"
    ],
    "object_id": "1",
    "object_repr": "Squat Reach",
    "action_flag": 1,
    "change_message": "[{\"added\": {}}]"
  }
},
{
  "model": "admin.logentry",
  "pk": 2,
  "fields": {
    "action_time": "2025-08-07T20:46:00.893Z",
    "user": [
      "nouman"
    ],
    "content_type": [
      "api",
      "tutorial"
    ],
    "object_id": "2",
    "object_repr": "T Plank Excercise",
    "action_flag": 1,
    "change_message": "[{\"added\": {}}]"
  }
},
{
  "model": "admin.logentry",
  "pk": 3,
  "fields": {
    "action_time": "2025-08-07T20:46:59.855Z",
    "user": [
      "nouman"
    ],
    "content_type": [
      "api",
      "tutorial"
    ],
    "object_id": "3",
    "object_repr": "Stability Ball Wall Squat",
    "action_flag": 1,
    "change_message": "[{\"added\": {}}]"
  }
},
{
  "model": "admin.logentry",
  "pk": 4,
  "fields": {
    "action_time": "2025-08-07T21:20:02.220Z",
    "user": [
      "nouman"
    ],
    "content_type": [
      "api",
      "tutorial"
    ],
    "object_id": "2",
    "object_repr": "T Plank Excercise",
    "action_flag": 2,
    "change_message": "[{\"changed\": {\"fields\": [\"Video\"]}}]"
  }
},
{
  "model": "admin.logentry",
  "pk": 5,
  "fields": {
    "action_time": "2025-08-07T21:24:17.189Z",
    "user": [
      "nouman"
    ],
    "content_type": [
      "api",
      "tutorial"
    ],
    "object_id": "2",
    "object_repr": "T Plank Excercise",
    "action_flag": 2,
    "change_message": "[{\"changed\": {\"fields\": [\"Video\"]}}]"
  }
},
{
  "model": "admin.logentry",
  "pk": 6,
  "fields": {
    "action_time": "2025-08-07T21:24:28.705Z",
    "user": [
      "nouman"
    ],
    "content_type": [
      "api",
      "tutorial"
    ],
    "object_id": "3",
    "object_repr": "Stability Ball Wall Squat",
    "action_flag": 2,
    "change_message": "[{\"changed\": {\"fields\": [\"Video\"]}}]"
  }
},
{
  "model": "admin.logentry",
  "pk": 7,
  "fields": {
    "action_time": "2025-08-07T21:24:38.724Z",
    "user": [
      "nouman"
    ],
    "content_type": [
      "api",
      "tutorial"
    ],
    "object_id": "1",
    "object_repr": "Squat Reach",
    "action_flag": 2,
    "change_message": "[{\"changed\": {\"fields\": [\"Video\"]}}]"
  }
},
{
  "model": "admin.logentry",
  "pk": 8,
  "fields": {
    "action_time": "2025-08-07T22:18:39.888Z",
    "user": [
      "nouman"
    ],
    "content_type": [
      "api",
      "tutorial"
    ],
    "object_id": "1",
    "object_repr": "Squat Reach",
    "action_flag": 2,
    "change_message": "[{\"changed\": {\"fields\": [\"Description\"]}}]"
  }
},
{
  "model": "admin.logentry",
  "pk": 9,
  "fields": {
    "action_time": "2025-08-07T22:18:44.054Z",
    "user": [
      "nouman"
    ],
    "content_type": [
      "api",
      "tutorial"
    ],
    "object_id": "1",
    "object_repr": "Squat Reach",
    "action_flag": 2,
    "change_message": "[]"
  }
},
{
  "model": "admin.logentry",
  "pk": 10,
  "fields": {
    "action_time": "2025-08-07T22:18:50.256Z",
    "user": [
      "nouman"
    ],
    "content_type": [
      "api",
      "tutorial"
    ],
    "object_id": "2",
    "object_repr": "T Plank Excercise",
    "action_flag": 2,
    "change_message": "[{\"changed\": {\"fields\": [\"Description\"]}}]"
  }
},
{
  "model": "admin.logentry",
  "pk": 11,
  "fields": {
    "action_time": "2025-08-07T22:19:09.328Z",
    "user": [
      "nouman"
    ],
    "content_type": [
      "api",
      "tutorial"
    ],
    "object_id": "3",
    "object_repr": "Stability Ball Wall Squat",
    "action_flag": 2,
    "change_message": "[{\"changed\": {\"fields\": [\"Description\"]}}]"
  }
},
{
  "model": "admin.logentry",
  "pk": 12,
  "fields": {
    "action_time": "2025-08-09T16:48:55.807Z",
    "user": [
      "nouman"
    ],
    "content_type": [
      "api",
      "session"
    ],
    "object_id": "1",
    "object_repr": "Squat Reach",
    "action_flag": 1,
    "change_message": "[{\"added\": {}}]"
  }
},
{
  "model": "admin.logentry",
  "pk": 13,
  "fields": {
    "action_time": "2025-08-09T16:49:30.105Z",
    "user": [
      "nouman"
    ],
    "content_type": [
      "api",
      "session"
    ],
    "object_id": "2",
    "object_repr": "T Plank Excercise",
    "action_flag": 1,
    "change_message": "[{\"added\": {}}]"
  }
},
{
  "model": "admin.logentry",
  "pk": 14,
  "fields": {
    "action_time": "2025-08-09T16:50:00.032Z",
    "user": [
      "nouman"
    ],
    "content_type": [
      "api",
      "session"
    ],
    "object_id": "3",
    "object_repr": "Stability Ball Wall Squat",
    "action_flag": 1,
    "change_message": "[{\"added\": {}}]"
  }
},
{
  "model": "admin.logentry",
  "pk": 15,
  "fields": {
    "action_time": "2025-08-09T22:04:44.289Z",
    "user": [
      "nouman"
    ],
    "content_type": [
      "api",
      "session"
    ],
    "object_id": "1",
    "object_repr": "Squat",
    "action_flag": 2,
    "change_message": "[{\"changed\": {\"fields\": [\"Title\"]}}]"
  }
},
{
  "model": "admin.logentry",
  "pk": 16,
  "fields": {
    "action_time": "2025-08-10T14:43:22.448Z",
    "user": [
      "nouman"
    ],
    "content_type": [
      "api",
      "session"
    ],
    "object_id": "2",
    "object_repr": "Russian Twist",
    "action_flag": 2,
    "change_message": "[{\"changed\": {\"fields\": [\"Title\", \"Description\", \"Video\"]}}]"
  }
},
{
  "model": "admin.logentry",
  "pk": 17,
  "fields": {
    "action_time": "2025-08-10T14:44:22.667Z",
    "user": [
      "nouman"
    ],
    "content_type": [
      "api",
      "session"
    ],
    "object_id": "3",
    "object_repr": "Leg Raise",
    "action_flag": 2,
    "change_message": "[{\"changed\": {\"fields\": [\"Title\", \"Description\", \"Video\"]}}]"
  }
},
{
  "model": "admin.logentry",
  "pk": 18,
  "fields": {
    "action_time": "2025-08-10T14:45:10.559Z",
    "user": [
      "nouman"
    ],
    "content_type": [
      "api",
      "session"
    ],
    "object_id": "4",
    "object_repr": "Pushup",
    "action_flag": 1,
    "change_message": "[{\"added\": {}}]"
  }
},
{
  "model": "admin.logentry",
  "pk": 19,
  "fields": {
    "action_time": "2025-08-10T14:45:38.371Z",
    "user": [
      "nouman"
    ],
    "content_type": [
      "api",
      "session"
    ],
    "object_id": "5",
    "object_repr": "Pullup",
    "action_flag": 1,
    "change_message": "[{\"added\": {}}]"
  }
},
{
  "model": "admin.logentry",
  "pk": 20,
  "fields": {
    "action_time": "2025-08-10T14:46:13.455Z",
    "user": [
      "nouman"
    ],
    "content_type": [
      "api",
      "session"
    ],
    "object_id": "6",
    "object_repr": "Deadlift",
    "action_flag": 1,
    "change_message": "[{\"added\": {}}]"
  }
},
{
  "model": "admin.logentry",
  "pk": 21,
  "fields": {
    "action_time": "2025-08-10T14:46:42.903Z",
    "user": [
      "nouman"
    ],
    "content_type": [
      "api",
      "session"
    ],
    "object_id": "7",
    "object_repr": "Bench Press",
    "action_flag": 1,
    "change_message": "[{\"added\": {}}]"
  }
},
{
  "model": "admin.logentry",
  "pk": 22,
  "fields": {
    "action_time": "2025-08-10T14:47:14.897Z",
    "user": [
      "nouman"
    ],
    "content_type": [
      "api",
      "session"
    ],
    "object_id": "8",
    "object_repr": "Tricep Pushdown",
    "action_flag": 1,
    "change_message": "[{\"added\": {}}]"
  }
},
{
  "model": "admin.logentry",
  "pk": 23,
  "fields": {
    "action_time": "2025-08-10T14:47:37.038Z",
    "user": [
      "nouman"
    ],
    "content_type": [
      "api",
      "session"
    ],
    "object_id": "9",
    "object_repr": "Lateral Raise",
    "action_flag": 1,
    "change_message": "[{\"added\": {}}]"
  }
},
{
  "model": "admin.logentry",
  "pk": 24,
  "fields": {
    "action_time": "2025-08-10T19:02:17.821Z",
    "user": [
      "nouman"
    ],
    "content_type": [
      "api",
      "usersessionresult"
    ],
    "object_id": "27",
    "object_repr": "freak - Russian Twist - 2025-08-10",
    "action_flag": 3,
    "change_message": ""
  }
},
{
  "model": "admin.logentry",
  "pk": 25,
  "fields": {
    "action_time": "2025-08-10T19:02:17.821Z",
    "user": [
      "nouman"
    ],
    "content_type": [
      "api",
      "usersessionresult"
    ],
    "object_id": "26",
    "object_repr": "freak - Russian Twist - 2025-08-10",
    "action_flag": 3,
    "change_message": ""
  }
},
{
  "model": "admin.logentry",
  "pk": 26,
  "fields": {
    "action_time": "2025-08-10T19:02:17.821Z",
    "user": [
      "nouman"
    ],
    "content_type": [
      "api",
      "usersessionresult"
    ],
    "object_id": "25",
    "object_repr": "freak - Russian Twist - 2025-08-10",
    "action_flag": 3,
    "change_message": ""
  }
},
{
  "model": "admin.logentry",
  "pk": 27,
  "fields": {
    "action_time": "2025-08-10T19:02:17.821Z",
    "user": [
      "nouman"
    ],
    "content_type": [
      "api",
      "usersessionresult"
    ],
    "object_id": "24",
    "object_repr": "freak - Squat - 2025-08-10",
    "action_flag": 3,
    "change_message": ""
  }
},
{
  "model": "admin.logentry",
  "pk": 28,
  "fields": {
    "action_time": "2025-08-10T19:02:17.821Z",
    "user": [
      "nouman"
    ],
    "content_type": [
      "api",
      "usersessionresult"
    ],
    "object_id": "23",
    "object_repr": "freak - Russian Twist - 2025-08-10",
    "action_flag": 3,
    "change_message": ""
  }
},
{
  "model": "admin.logentry",
  "pk": 29,
  "fields": {
    "action_time": "2025-08-10T19:02:17.821Z",
    "user": [
      "nouman"
    ],
    "content_type": [
      "api",
      "usersessionresult"
    ],
    "object_id": "22",
    "object_repr": "freak - Squat - 2025-08-10",
    "action_flag": 3,
    "change_message": ""
  }
},
{
  "model": "admin.logentry",
  "pk": 30,
  "fields": {
    "action_time": "2025-08-10T19:02:17.822Z",
    "user": [
      "nouman"
    ],
    "content_type": [
      "api",
      "usersessionresult"
    ],
    "object_id": "21",
    "object_repr": "freak - Bench Press - 2025-08-10",
    "action_flag": 3,
    "change_message": ""
  }
},
{
  "model": "admin.logentry",
  "pk": 31,
  "fields": {
    "action_time": "2025-08-10T19:02:17.822Z",
    "user": [
      "nouman"
    ],
    "content_type": [
      "api",
      "usersessionresult"
    ],
    "object_id": "20",
    "object_repr": "freak - Squat - 2025-08-10",
    "action_flag": 3,
    "change_message": ""
  }
},
{
  "model": "admin.logentry",
  "pk": 32,
  "fields": {
    "action_time": "2025-08-10T19:02:17.822Z",
    "user": [
      "nouman"
    ],
    "content_type": [
      "api",
      "usersessionresult"
    ],
    "object_id": "19",
    "object_repr": "freak - Squat - 2025-08-10",
    "action_flag": 3,
    "change_message": ""
  }
},
{
  "model": "admin.logentry",
  "pk": 33,
  "fields": {
    "action_time": "2025-08-10T19:02:17.822Z",
    "user": [
      "nouman"
    ],
    "content_type": [
      "api",
      "usersessionresult"
    ],
    "object_id": "18",
    "object_repr": "freak - Bench Press - 2025-08-10",
    "action_flag": 3,
    "change_message": ""
  }
},
{
  "model": "admin.logentry",
  "pk": 34,
  "fields": {
    "action_time": "2025-08-10T19:02:17.823Z",
    "user": [
      "nouman"
    ],
    "content_type": [
      "api",
      "usersessionresult"
    ],
    "object_id": "17",
    "object_repr": "freak - Bench Press - 2025-08-10",
    "action_flag": 3,
    "change_message": ""
  }
},
{
  "model": "admin.logentry",
  "pk": 35,
  "fields": {
    "action_time": "2025-08-10T19:02:17.823Z",
    "user": [
      "nouman"
    ],
    "content_type": [
      "api",
      "usersessionresult"
    ],
    "object_id": "16",
    "object_repr": "freak - Russian Twist - 2025-08-10",
    "action_flag": 3,
    "change_message": ""
  }
},
{
  "model": "admin.logentry",
  "pk": 36,
  "fields": {
    "action_time": "2025-08-10T19:02:17.823Z",
    "user": [
      "nouman"
    ],
    "content_type": [
      "api",
      "usersessionresult"
    ],
    "object_id": "15",
    "object_repr": "freak - Squat - 2025-08-10",
    "action_flag": 3,
    "change_message": ""
  }
},
{
  "model": "admin.logentry",
  "pk": 37,
  "fields": {
    "action_time": "2025-08-10T19:02:17.823Z",
    "user": [
      "nouman"
    ],
    "content_type": [
      "api",
      "usersessionresult"
    ],
    "object_id": "14",
    "object_repr": "freak - Squat - 2025-08-10",
    "action_flag": 3,
    "change_message": ""
  }
},
{
  "model": "admin.logentry",
  "pk": 38,
  "fields": {
    "action_time": "2025-08-10T19:02:17.823Z",
    "user": [
      "nouman"
    ],
    "content_type": [
      "api",
      "usersessionresult"
    ],
    "object_id": "13",
    "object_repr": "freak - Squat - 2025-08-10",
    "action_flag": 3,
    "change_message": ""
  }
},
{
  "model": "admin.logentry",
  "pk": 39,
  "fields": {
    "action_time": "2025-08-10T19:02:17.823Z",
    "user": [
      "nouman"
    ],
    "content_type": [
      "api",
      "usersessionresult"
    ],
    "object_id": "12",
    "object_repr": "freak - Squat - 2025-08-10",
    "action_flag": 3,
    "change_message": ""
  }
},
{
  "model": "admin.logentry",
  "pk": 40,
  "fields": {
    "action_time": "2025-08-10T19:02:17.823Z",
    "user": [
      "nouman"
    ],
    "content_type": [
      "api",
      "usersessionresult"
    ],
    "object_id": "11",
    "object_repr": "freak - Squat - 2025-08-09",
    "action_flag": 3,
    "change_message": ""
  }
},
{
  "model": "admin.logentry",
  "pk": 41,
  "fields": {
    "action_time": "2025-08-10T19:02:17.823Z",
    "user": [
      "nouman"
    ],
    "content_type": [
      "api",
      "usersessionresult"
    ],
    "object_id": "10",
    "object_repr": "freak - Squat - 2025-08-09",
    "action_flag": 3,
    "change_message": ""
  }
},
{
  "model": "admin.logentry",
  "pk": 42,
  "fields": {
    "action_time": "2025-08-10T19:02:17.823Z",
    "user": [
      "nouman"
    ],
    "content_type": [
      "api",
      "usersessionresult"
    ],
    "object_id": "9",
    "object_repr": "freak - Squat - 2025-08-09",
    "action_flag": 3,
    "change_message": ""
  }
},
{
  "model": "admin.logentry",
  "pk": 43,
  "fields": {
    "action_time": "2025-08-10T19:02:17.823Z",
    "user": [
      "nouman"
    ],
    "content_type": [
      "api",
      "usersessionresult"
    ],
    "object_id": "8",
    "object_repr": "freak - Squat - 2025-08-09",
    "action_flag": 3,
    "change_message": ""
  }
},
{
  "model": "admin.logentry",
  "pk": 44,
  "fields": {
    "action_time": "2025-08-10T19:02:17.823Z",
    "user": [
      "nouman"
    ],
    "content_type": [
      "api",
      "usersessionresult"
    ],
    "object_id": "7",
    "object_repr": "freak - Squat - 2025-08-09",
    "action_flag": 3,
    "change_message": ""
  }
},
{
  "model": "admin.logentry",
  "pk": 45,
  "fields": {
    "action_time": "2025-08-10T19:02:17.823Z",
    "user": [
      "nouman"
    ],
    "content_type": [
      "api",
      "usersessionresult"
    ],
    "object_id": "6",
    "object_repr": "freak - Squat - 2025-08-09",
    "action_flag": 3,
    "change_message": ""
  }
},
{
  "model": "admin.logentry",
  "pk": 46,
  "fields": {
    "action_time": "2025-08-10T19:02:17.823Z",
    "user": [
      "nouman"
    ],
    "content_type": [
      "api",
      "usersessionresult"
    ],
    "object_id": "5",
    "object_repr": "freak - Squat - 2025-08-09",
    "action_flag": 3,
    "change_message": ""
  }
},
{
  "model": "admin.logentry",
  "pk": 47,
  "fields": {
    "action_time": "2025-08-10T19:02:17.823Z",
    "user": [
      "nouman"
    ],
    "content_type": [
      "api",
      "usersessionresult"
    ],
    "object_id": "4",
    "object_repr": "freak - Squat - 2025-08-09",
    "action_flag": 3,
    "change_message": ""
  }
},
{
  "model": "admin.logentry",
  "pk": 48,
  "fields": {
    "action_time": "2025-08-10T19:02:17.825Z",
    "user": [
      "nouman"
    ],
    "content_type": [
      "api",
      "usersessionresult"
    ],
    "object_id": "3",
    "object_repr": "freak - Squat - 2025-08-09",
    "action_flag": 3,
    "change_message": ""
  }
},
{
  "model": "admin.logentry",
  "pk": 49,
  "fields": {
    "action_time": "2025-08-10T19:02:17.825Z",
    "user": [
      "nouman"
    ],
    "content_type": [
      "api",
      "usersessionresult"
    ],
    "object_id": "2",
    "object_repr": "freak - Squat - 2025-08-09",
    "action_flag": 3,
    "change_message": ""
  }
},
{
  "model": "admin.logentry",
  "pk": 50,
  "fields": {
    "action_time": "2025-08-10T19:02:17.825Z",
    "user": [
      "nouman"
    ],
    "content_type": [
      "api",
      "usersessionresult"
    ],
    "object_id": "1",
    "object_repr": "freak - Squat - 2025-08-09",
    "action_flag": 3,
    "change_message": ""
  }
},
{
  "model": "admin.logentry",
  "pk": 51,
  "fields": {
    "action_time": "2025-08-10T20:23:14.732Z",
    "user": [
      "nouman"
    ],
    "content_type": [
      "api",
      "session"
    ],
    "object_id": "3",
    "object_repr": "Leg Raises",
    "action_flag": 2,
    "change_message": "[{\"changed\": {\"fields\": [\"Title\"]}}]"
  }
},
{
  "model": "admin.logentry",
  "pk": 52,
  "fields": {
    "action_time": "2025-08-10T20:24:44.120Z",
    "user": [
      "nouman"
    ],
    "content_type": [
      "api",
      "session"
    ],
    "object_id": "5",
    "object_repr": "Pull up",
    "action_flag": 2,
    "change_message": "[{\"changed\": {\"fields\": [\"Title\"]}}]"
  }
},
{
  "model": "admin.logentry",
  "pk": 53,
  "fields": {
    "action_time": "2025-08-10T20:24:52.140Z",
    "user": [
      "nouman"
    ],
    "content_type": [
      "api",
      "session"
    ],
    "object_id": "4",
    "object_repr": "Push up",
    "action_flag": 2,
    "change_message": "[{\"changed\": {\"fields\": [\"Title\"]}}]"
  }
},
{
  "model": "admin.logentry",
  "pk": 54,
  "fields": {
    "action_time": "2025-08-11T16:52:46.527Z",
    "user": [
      "nouman"
    ],
    "content_type": [
      "api",
      "usersessionresult"
    ],
    "object_id": "35",
    "object_repr": "freak - Pull up - 2025-08-10",
    "action_flag": 3,
    "change_message": ""
  }
},
{
  "model": "admin.logentry",
  "pk": 55,
  "fields": {
    "action_time": "2025-08-11T16:52:46.527Z",
    "user": [
      "nouman"
    ],
    "content_type": [
      "api",
      "usersessionresult"
    ],
    "object_id": "34",
    "object_repr": "freak - Pull up - 2025-08-10",
    "action_flag": 3,
    "change_message": ""
  }
},
{
  "model": "admin.logentry",
  "pk": 56,
  "fields": {
    "action_time": "2025-08-11T16:52:46.527Z",
    "user": [
      "nouman"
    ],
    "content_type": [
      "api",
      "usersessionresult"
    ],
    "object_id": "33",
    "object_repr": "freak - Leg Raises - 2025-08-10",
    "action_flag": 3,
    "change_message": ""
  }
},
{
  "model": "admin.logentry",
  "pk": 57,
  "fields": {
    "action_time": "2025-08-11T16:52:46.527Z",
    "user": [
      "nouman"
    ],
    "content_type": [
      "api",
      "usersessionresult"
    ],
    "object_id": "32",
    "object_repr": "freak - Russian Twist - 2025-08-10",
    "action_flag": 3,
    "change_message": ""
  }
},
{
  "model": "admin.logentry",
  "pk": 58,
  "fields": {
    "action_time": "2025-08-11T16:52:46.527Z",
    "user": [
      "nouman"
    ],
    "content_type": [
      "api",
      "usersessionresult"
    ],
    "object_id": "31",
    "object_repr": "freak - Squat - 2025-08-10",
    "action_flag": 3,
    "change_message": ""
  }
},
{
  "model": "admin.logentry",
  "pk": 59,
  "fields": {
    "action_time": "2025-08-11T16:52:46.527Z",
    "user": [
      "nouman"
    ],
    "content_type": [
      "api",
      "usersessionresult"
    ],
    "object_id": "30",
    "object_repr": "freak - Bench Press - 2025-08-10",
    "action_flag": 3,
    "change_message": ""
  }
},
{
  "model": "admin.logentry",
  "pk": 60,
  "fields": {
    "action_time": "2025-08-11T16:52:46.527Z",
    "user": [
      "nouman"
    ],
    "content_type": [
      "api",
      "usersessionresult"
    ],
    "object_id": "29",
    "object_repr": "freak - Squat - 2025-08-10",
    "action_flag": 3,
    "change_message": ""
  }
},
{
  "model": "admin.logentry",
  "pk": 61,
  "fields": {
    "action_time": "2025-08-11T16:52:46.527Z",
    "user": [
      "nouman"
    ],
    "content_type": [
      "api",
      "usersessionresult"
    ],
    "object_id": "28",
    "object_repr": "freak - Russian Twist - 2025-08-10",
    "action_flag": 3,
    "change_message": ""
  }
},
{
  "model": "admin.logentry",
  "pk": 62,
  "fields": {
    "action_time": "2025-08-11T21:25:57.750Z",
    "user": [
      "nouman"
    ],
    "content_type": [
      "api",
      "usersessionresult"
    ],
    "object_id": "50",
    "object_repr": "freak - Bench Press - 2025-08-11",
    "action_flag": 3,
    "change_message": ""
  }
},
{
  "model": "admin.logentry",
  "pk": 63,
  "fields": {
    "action_time": "2025-08-11T21:25:57.750Z",
    "user": [
      "nouman"
    ],
    "content_type": [
      "api",
      "usersessionresult"
    ],
    "object_id": "49",
    "object_repr": "freak - Bench Press - 2025-08-11",
    "action_flag": 3,
    "change_message": ""
  }
},
{
  "model": "admin.logentry",
  "pk": 64,
  "fields": {
    "action_time": "2025-08-11T21:25:57.750Z",
    "user": [
      "nouman"
    ],
    "content_type": [
      "api",
      "usersessionresult"
    ],
    "object_id": "48",
    "object_repr": "freak - Pull up - 2025-08-11",
    "action_flag": 3,
    "change_message": ""
  }
},
{
  "model": "admin.logentry",
  "pk": 65,
  "fields": {
    "action_time": "2025-08-11T21:25:57.750Z",
    "user": [
      "nouman"
    ],
    "content_type": [
      "api",
      "usersessionresult"
    ],
    "object_id": "47",
    "object_repr": "freak - Pull up - 2025-08-11",
    "action_flag": 3,
    "change_message": ""
  }
},
{
  "model": "admin.logentry",
  "pk": 66,
  "fields": {
    "action_time": "2025-08-11T21:25:57.750Z",
    "user": [
      "nouman"
    ],
    "content_type": [
      "api",
      "usersessionresult"
    ],
    "object_id": "46",
    "object_repr": "freak - Pull up - 2025-08-11",
    "action_flag": 3,
    "change_message": ""
  }
},
{
  "model": "admin.logentry",
  "pk": 67,
  "fields": {
    "action_time": "2025-08-11T21:25:57.750Z",
    "user": [
      "nouman"
    ],
    "content_type": [
      "api",
      "usersessionresult"
    ],
    "object_id": "45",
    "object_repr": "freak - Pull up - 2025-08-11",
    "action_flag": 3,
    "change_message": ""
  }
},
{
  "model": "admin.logentry",
  "pk": 68,
  "fields": {
    "action_time": "2025-08-11T21:25:57.750Z",
    "user": [
      "nouman"
    ],
    "content_type": [
      "api",
      "usersessionresult"
    ],
    "object_id": "44",
    "object_repr": "freak - Leg Raises - 2025-08-11",
    "action_flag": 3,
    "change_message": ""
  }
},
{
  "model": "admin.logentry",
  "pk": 69,
  "fields": {
    "action_time": "2025-08-11T21:25:57.750Z",
    "user": [
      "nouman"
    ],
    "content_type": [
      "api",
      "usersessionresult"
    ],
    "object_id": "43",
    "object_repr": "freak - Russian Twist - 2025-08-11",
    "action_flag": 3,
    "change_message": ""
  }
},
{
  "model": "admin.logentry",
  "pk": 70,
  "fields": {
    "action_time": "2025-08-11T21:25:57.750Z",
    "user": [
      "nouman"
    ],
    "content_type": [
      "api",
      "usersessionresult"
    ],
    "object_id": "42",
    "object_repr": "freak - Leg Raises - 2025-08-11",
    "action_flag": 3,
    "change_message": ""
  }
},
{
  "model": "admin.logentry",
  "pk": 71,
  "fields": {
    "action_time": "2025-08-11T21:25:57.750Z",
    "user": [
      "nouman"
    ],
    "content_type": [
      "api",
      "usersessionresult"
    ],
    "object_id": "41",
    "object_repr": "freak - Deadlift - 2025-08-11",
    "action_flag": 3,
    "change_message": ""
  }
},
{
  "model": "admin.logentry",
  "pk": 72,
  "fields": {
    "action_time": "2025-08-11T21:25:57.750Z",
    "user": [
      "nouman"
    ],
    "content_type": [
      "api",
      "usersessionresult"
    ],
    "object_id": "40",
    "object_repr": "freak - Push up - 2025-08-11",
    "action_flag": 3,
    "change_message": ""
  }
},
{
  "model": "admin.logentry",
  "pk": 73,
  "fields": {
    "action_time": "2025-08-11T21:25:57.750Z",
    "user": [
      "nouman"
    ],
    "content_type": [
      "api",
      "usersessionresult"
    ],
    "object_id": "39",
    "object_repr": "freak - Deadlift - 2025-08-11",
    "action_flag": 3,
    "change_message": ""
  }
},
{
  "model": "admin.logentry",
  "pk": 74,
  "fields": {
    "action_time": "2025-08-11T21:25:57.750Z",
    "user": [
      "nouman"
    ],
    "content_type": [
      "api",
      "usersessionresult"
    ],
    "object_id": "38",
    "object_repr": "freak - Deadlift - 2025-08-11",
    "action_flag": 3,
    "change_message": ""
  }
},
{
  "model": "admin.logentry",
  "pk": 75,
  "fields": {
    "action_time": "2025-08-11T21:25:57.750Z",
    "user": [
      "nouman"
    ],
    "content_type": [
      "api",
      "usersessionresult"
    ],
    "object_id": "37",
    "object_repr": "jim - Squat - 2025-08-10",
    "action_flag": 3,
    "change_message": ""
  }
},
{
  "model": "admin.logentry",
  "pk": 76,
  "fields": {
    "action_time": "2025-08-11T21:25:57.750Z",
    "user": [
      "nouman"
    ],
    "content_type": [
      "api",
      "usersessionresult"
    ],
    "object_id": "36",
    "object_repr": "freak - Pull up - 2025-08-10",
    "action_flag": 3,
    "change_message": ""
  }
},
{
  "model": "admin.logentry",
  "pk": 77,
  "fields": {
    "action_time": "2025-08-11T21:38:32.090Z",
    "user": [
      "nouman"
    ],
    "content_type": [
      "api",
      "history"
    ],
    "object_id": "9",
    "object_repr": "History object (9)",
    "action_flag": 3,
    "change_message": ""
  }
},
{
  "model": "admin.logentry",
  "pk": 78,
  "fields": {
    "action_time": "2025-08-11T21:38:32.090Z",
    "user": [
      "nouman"
    ],
    "content_type": [
      "api",
      "history"
    ],
    "object_id": "8",
    "object_repr": "History object (8)",
    "action_flag": 3,
    "change_message": ""
  }
},
{
  "model": "admin.logentry",
  "pk": 79,
  "fields": {
    "action_time": "2025-08-11T21:38:32.090Z",
    "user": [
      "nouman"
    ],
    "content_type": [
      "api",
      "history"
    ],
    "object_id": "7",
    "object_repr": "History object (7)",
    "action_flag": 3,
    "change_message": ""
  }
},
{
  "model": "admin.logentry",
  "pk": 80,
  "fields": {
    "action_time": "2025-08-11T21:38:32.090Z",
    "user": [
      "nouman"
    ],
    "content_type": [
      "api",
      "history"
    ],
    "object_id": "6",
    "object_repr": "History object (6)",
    "action_flag": 3,
    "change_message": ""
  }
},
{
  "model": "admin.logentry",
  "pk": 81,
  "fields": {
    "action_time": "2025-08-11T21:38:32.090Z",
    "user": [
      "nouman"
    ],
    "content_type": [
      "api",
      "history"
    ],
    "object_id": "5",
    "object_repr": "History object (5)",
    "action_flag": 3,
    "change_message": ""
  }
},
{
  "model": "admin.logentry",
  "pk": 82,
  "fields": {
    "action_time": "2025-08-11T21:38:32.090Z",
    "user": [
      "nouman"
    ],
    "content_type": [
      "api",
      "history"
    ],
    "object_id": "4",
    "object_repr": "History object (4)",
    "action_flag": 3,
    "change_message": ""
  }
},
{
  "model": "admin.logentry",
  "pk": 83,
  "fields": {
    "action_time": "2025-08-11T21:38:32.090Z",
    "user": [
      "nouman"
    ],
    "content_type": [
      "api",
      "history"
    ],
    "object_id": "3",
    "object_repr": "History object (3)",
    "action_flag": 3,
    "change_message": ""
  }
},
{
  "model": "admin.logentry",
  "pk": 84,
  "fields": {
    "action_time": "2025-08-11T21:38:32.090Z",
    "user": [
      "nouman"
    ],
    "content_type": [
      "api",
      "history"
    ],
    "object_id": "2",
    "object_repr": "History object (2)",
    "action_flag": 3,
    "change_message": ""
  }
},
{
  "model": "admin.logentry",
  "pk": 85,
  "fields": {
    "action_time": "2025-08-11T21:38:32.090Z",
    "user": [
      "nouman"
    ],
    "content_type": [
      "api",
      "history"
    ],
    "object_id": "1",
    "object_repr": "History object (1)",
    "action_flag": 3,
    "change_message": ""
  }
},
{
  "model": "admin.logentry",
  "pk": 86,
  "fields": {
    "action_time": "2025-08-13T14:10:56.633Z",
    "user": [
      "nouman"
    ],
    "content_type": [
      "api",
      "history"
    ],
    "object_id": "19",
    "object_repr": "History object (19)",
    "action_flag": 3,
    "change_message": ""
  }
},
{
  "model": "admin.logentry",
  "pk": 87,
  "fields": {
    "action_time": "2025-08-13T14:10:56.633Z",
    "user": [
      "nouman"
    ],
    "content_type": [
      "api",
      "history"
    ],
    "object_id": "18",
    "object_repr": "History object (18)",
    "action_flag": 3,
    "change_message": ""
  }
},
{
  "model": "admin.logentry",
  "pk": 88,
  "fields": {
    "action_time": "2025-08-13T14:10:56.633Z",
    "user": [
      "nouman"
    ],
    "content_type": [
      "api",
      "history"
    ],
    "object_id": "17",
    "object_repr": "History object (17)",
    "action_flag": 3,
    "change_message": ""
  }
},
{
  "model": "admin.logentry",
  "pk": 89,
  "fields": {
    "action_time": "2025-08-13T14:10:56.633Z",
    "user": [
      "nouman"
    ],
    "content_type": [
      "api",
      "history"
    ],
    "object_id": "16",
    "object_repr": "History object (16)",
    "action_flag": 3,
    "change_message": ""
  }
},
{
  "model": "admin.logentry",
  "pk": 90,
  "fields": {
    "action_time": "2025-08-13T14:10:56.633Z",
    "user": [
      "nouman"
    ],
    "content_type": [
      "api",
      "history"
    ],
    "object_id": "15",
    "object_repr": "History object (15)",
    "action_flag": 3,
    "change_message": ""
  }
},
{
  "model": "admin.logentry",
  "pk": 91,
  "fields": {
    "action_time": "2025-08-13T14:10:56.633Z",
    "user": [
      "nouman"
    ],
    "content_type": [
      "api",
      "history"
    ],
    "object_id": "14",
    "object_repr": "History object (14)",
    "action_flag": 3,
    "change_message": ""
  }
},
{
  "model": "admin.logentry",
  "pk": 92,
  "fields": {
    "action_time": "2025-08-13T14:10:56.633Z",
    "user": [
      "nouman"
    ],
    "content_type": [
      "api",
      "history"
    ],
    "object_id": "13",
    "object_repr": "History object (13)",
    "action_flag": 3,
    "change_message": ""
  }
},
{
  "model": "admin.logentry",
  "pk": 93,
  "fields": {
    "action_time": "2025-08-13T14:10:56.633Z",
    "user": [
      "nouman"
    ],
    "content_type": [
      "api",
      "history"
    ],
    "object_id": "12",
    "object_repr": "History object (12)",
    "action_flag": 3,
    "change_message": ""
  }
},
{
  "model": "admin.logentry",
  "pk": 94,
  "fields": {
    "action_time": "2025-08-13T14:10:56.633Z",
    "user": [
      "nouman"
    ],
    "content_type": [
      "api",
      "history"
    ],
    "object_id": "11",
    "object_repr": "History object (11)",
    "action_flag": 3,
    "change_message": ""
  }
},
{
  "model": "admin.logentry",
  "pk": 95,
  "fields": {
    "action_time": "2025-08-13T14:10:56.633Z",
    "user": [
      "nouman"
    ],
    "content_type": [
      "api",
      "history"
    ],
    "object_id": "10",
    "object_repr": "History object (10)",
    "action_flag": 3,
    "change_message": ""
  }
},
{
  "model": "admin.logentry",
  "pk": 96,
  "fields": {
    "action_time": "2025-08-13T20:11:19.189Z",
    "user": [
      "nouman"
    ],
    "content_type": [
      "api",
      "usersessionresult"
    ],
    "object_id": "72",
    "object_repr": "freak - Leg Raises - 2025-08-13",
    "action_flag": 3,
    "change_message": ""
  }
},
{
  "model": "admin.logentry",
  "pk": 97,
  "fields": {
    "action_time": "2025-08-13T20:11:19.189Z",
    "user": [
      "nouman"
    ],
    "content_type": [
      "api",
      "usersessionresult"
    ],
    "object_id": "71",
    "object_repr": "freak - Leg Raises - 2025-08-13",
    "action_flag": 3,
    "change_message": ""
  }
},
{
  "model": "admin.logentry",
  "pk": 98,
  "fields": {
    "action_time": "2025-08-13T20:11:19.189Z",
    "user": [
      "nouman"
    ],
    "content_type": [
      "api",
      "usersessionresult"
    ],
    "object_id": "70",
    "object_repr": "freak - Russian Twist - 2025-08-13",
    "action_flag": 3,
    "change_message": ""
  }
},
{
  "model": "admin.logentry",
  "pk": 99,
  "fields": {
    "action_time": "2025-08-13T20:11:19.189Z",
    "user": [
      "nouman"
    ],
    "content_type": [
      "api",
      "usersessionresult"
    ],
    "object_id": "69",
    "object_repr": "freak - Russian Twist - 2025-08-12",
    "action_flag": 3,
    "change_message": ""
  }
},
{
  "model": "admin.logentry",
  "pk": 100,
  "fields": {
    "action_time": "2025-08-13T20:11:19.189Z",
    "user": [
      "nouman"
    ],
    "content_type": [
      "api",
      "usersessionresult"
    ],
    "object_id": "68",
    "object_repr": "freak - Russian Twist - 2025-08-12",
    "action_flag": 3,
    "change_message": ""
  }
},
{
  "model": "admin.logentry",
  "pk": 101,
  "fields": {
    "action_time": "2025-08-13T20:11:19.189Z",
    "user": [
      "nouman"
    ],
    "content_type": [
      "api",
      "usersessionresult"
    ],
    "object_id": "67",
    "object_repr": "freak - Russian Twist - 2025-08-12",
    "action_flag": 3,
    "change_message": ""
  }
},
{
  "model": "admin.logentry",
  "pk": 102,
  "fields": {
    "action_time": "2025-08-13T20:11:19.189Z",
    "user": [
      "nouman"
    ],
    "content_type": [
      "api",
      "usersessionresult"
    ],
    "object_id": "66",
    "object_repr": "freak - Russian Twist - 2025-08-12",
    "action_flag": 3,
    "change_message": ""
  }
},
{
  "model": "admin.logentry",
  "pk": 103,
  "fields": {
    "action_time": "2025-08-13T20:11:19.189Z",
    "user": [
      "nouman"
    ],
    "content_type": [
      "api",
      "usersessionresult"
    ],
    "object_id": "65",
    "object_repr": "freak - Russian Twist - 2025-08-12",
    "action_flag": 3,
    "change_message": ""
  }
},
{
  "model": "admin.logentry",
  "pk": 104,
  "fields": {
    "action_time": "2025-08-13T20:11:19.189Z",
    "user": [
      "nouman"
    ],
    "content_type": [
      "api",
      "usersessionresult"
    ],
    "object_id": "64",
    "object_repr": "freak - Squat - 2025-08-12",
    "action_flag": 3,
    "change_message": ""
  }
},
{
  "model": "admin.logentry",
  "pk": 105,
  "fields": {
    "action_time": "2025-08-13T20:11:19.189Z",
    "user": [
      "nouman"
    ],
    "content_type": [
      "api",
      "usersessionresult"
    ],
    "object_id": "63",
    "object_repr": "freak - Squat - 2025-08-12",
    "action_flag": 3,
    "change_message": ""
  }
},
{
  "model": "admin.logentry",
  "pk": 106,
  "fields": {
    "action_time": "2025-08-13T20:11:19.189Z",
    "user": [
      "nouman"
    ],
    "content_type": [
      "api",
      "usersessionresult"
    ],
    "object_id": "62",
    "object_repr": "freak - Squat - 2025-08-12",
    "action_flag": 3,
    "change_message": ""
  }
},
{
  "model": "admin.logentry",
  "pk": 107,
  "fields": {
    "action_time": "2025-08-13T20:11:19.189Z",
    "user": [
      "nouman"
    ],
    "content_type": [
      "api",
      "usersessionresult"
    ],
    "object_id": "61",
    "object_repr": "freak - Squat - 2025-08-11",
    "action_flag": 3,
    "change_message": ""
  }
},
{
  "model": "admin.logentry",
  "pk": 108,
  "fields": {
    "action_time": "2025-08-13T20:11:19.189Z",
    "user": [
      "nouman"
    ],
    "content_type": [
      "api",
      "usersessionresult"
    ],
    "object_id": "60",
    "object_repr": "freak - Squat - 2025-08-11",
    "action_flag": 3,
    "change_message": ""
  }
},
{
  "model": "admin.logentry",
  "pk": 109,
  "fields": {
    "action_time": "2025-08-13T20:11:19.189Z",
    "user": [
      "nouman"
    ],
    "content_type": [
      "api",
      "usersessionresult"
    ],
    "object_id": "59",
    "object_repr": "freak - Squat - 2025-08-11",
    "action_flag": 3,
    "change_message": ""
  }
},
{
  "model": "admin.logentry",
  "pk": 110,
  "fields": {
    "action_time": "2025-08-13T20:11:19.189Z",
    "user": [
      "nouman"
    ],
    "content_type": [
      "api",
      "usersessionresult"
    ],
    "object_id": "58",
    "object_repr": "freak - Squat - 2025-08-11",
    "action_flag": 3,
    "change_message": ""
  }
},
{
  "model": "admin.logentry",
  "pk": 111,
  "fields": {
    "action_time": "2025-08-13T20:11:19.189Z",
    "user": [
      "nouman"
    ],
    "content_type": [
      "api",
      "usersessionresult"
    ],
    "object_id": "57",
    "object_repr": "freak - Squat - 2025-08-11",
    "action_flag": 3,
    "change_message": ""
  }
},
{
  "model": "admin.logentry",
  "pk": 112,
  "fields": {
    "action_time": "2025-08-13T20:11:19.189Z",
    "user": [
      "nouman"
    ],
    "content_type": [
      "api",
      "usersessionresult"
    ],
    "object_id": "56",
    "object_repr": "freak - Squat - 2025-08-11",
    "action_flag": 3,
    "change_message": ""
  }
},
{
  "model": "admin.logentry",
  "pk": 113,
  "fields": {
    "action_time": "2025-08-13T20:11:19.189Z",
    "user": [
      "nouman"
    ],
    "content_type": [
      "api",
      "usersessionresult"
    ],
    "object_id": "55",
    "object_repr": "freak - Squat - 2025-08-11",
    "action_flag": 3,
    "change_message": ""
  }
},
{
  "model": "admin.logentry",
  "pk": 114,
  "fields": {
    "action_time": "2025-08-13T20:11:19.189Z",
    "user": [
      "nouman"
    ],
    "content_type": [
      "api",
      "usersessionresult"
    ],
    "object_id": "54",
    "object_repr": "freak - Bench Press - 2025-08-11",
    "action_flag": 3,
    "change_message": ""
  }
},
{
  "model": "admin.logentry",
  "pk": 115,
  "fields": {
    "action_time": "2025-08-13T20:11:19.189Z",
    "user": [
      "nouman"
    ],
    "content_type": [
      "api",
      "usersessionresult"
    ],
    "object_id": "53",
    "object_repr": "freak - Bench Press - 2025-08-11",
    "action_flag": 3,
    "change_message": ""
  }
},
{
  "model": "admin.logentry",
  "pk": 116,
  "fields": {
    "action_time": "2025-08-13T20:11:19.189Z",
    "user": [
      "nouman"
    ],
    "content_type": [
      "api",
      "usersessionresult"
    ],
    "object_id": "52",
    "object_repr": "freak - Bench Press - 2025-08-11",
    "action_flag": 3,
    "change_message": ""
  }
},
{
  "model": "admin.logentry",
  "pk": 117,
  "fields": {
    "action_time": "2025-08-13T20:11:19.189Z",
    "user": [
      "nouman"
    ],
    "content_type": [
      "api",
      "usersessionresult"
    ],
    "object_id": "51",
    "object_repr": "freak - Bench Press - 2025-08-11",
    "action_flag": 3,
    "change_message": ""
  }
}
]
